uuid,spot_number,shot_number,shots_in_spot,image_filename,image_width,image_height,image_quality,capture_datetime,latitude,longitude,altitude_m,altitude_accuracy_m,gps_accuracy_m,gps_reading_count,camera_pitch,camera_roll,camera_heading,municipality,barangay,farm_name,crops,temperature_c,humidity_percent,notes,device_id,capture_mode
jan16_0001,12,1,,orphaned-jan16-no-metadata/latrinidad_betag_sf/latrinidad_betag_sf_20260116_103744_2a299623.jpg,,,,2026-01-16T12:00:00.000Z,,,,,,,,,,La Trinidad,Betag,Strawberry Farm,"strawberry,brocolli,green_ice,pechay,lettuce",,,"Manually labeled - no GPS data. Crops: strawberry, brocolli, green ice, pechay, lettuce",unknown_phone_camera,field
jan16_0002,12,2,,orphaned-jan16-no-metadata/latrinidad_betag_sf/latrinidad_betag_sf_20260116_103745_ae0cef76.jpg,,,,2026-01-16T12:00:00.000Z,,,,,,,,,,La Trinidad,Betag,Strawberry Farm,"strawberry,brocolli,green_ice,pechay,lettuce",,,"Manually labeled - no GPS data. Crops: strawberry, brocolli, green ice, pechay, lettuce",unknown_phone_camera,field
jan16_0003,12,3,,orphaned-jan16-no-metadata/latrinidad_betag_sf/latrinidad_betag_sf_20260116_103746_bde5c74d.jpg,,,,2026-01-16T12:00:00.000Z,,,,,,,,,,La Trinidad,Betag,Strawberry Farm,"strawberry,brocolli,green_ice,pechay,lettuce",,,"Manually labeled - no GPS data. Crops: strawberry, brocolli, green ice, pechay, lettuce",unknown_phone_camera,field
jan16_0004,12,4,,orphaned-jan16-no-metadata/latrinidad_betag_sf/latrinidad_betag_sf_20260116_103747_7ec13301.jpg,,,,2026-01-16T12:00:00.000Z,,,,,,,,,,La Trinidad,Betag,Strawberry Farm,"strawberry,brocolli,green_ice,pechay,lettuce",,,"Manually labeled - no GPS data. Crops: strawberry, brocolli, green ice, pechay, lettuce",unknown_phone_camera,field
jan16_0005,12,5,,orphaned-jan16-no-metadata/latrinidad_betag_sf/latrinidad_betag_sf_20260116_103748_9a5917e6.jpg,,,,2026-01-16T12:00:00.000Z,,,,,,,,,,La Trinidad,Betag,Strawberry Farm,"strawberry,brocolli,green_ice,pechay,lettuce",,,"Manually labeled - no GPS data. Crops: strawberry, brocolli, green ice, pechay, lettuce",unknown_phone_camera,field
jan16_0006,12,6,,orphaned-jan16-no-metadata/latrinidad_betag_sf/latrinidad_betag_sf_20260116_103753_5c54a989.jpg,,,,2026-01-16T12:00:00.000Z,,,,,,,,,,La Trinidad,Betag,Strawberry Farm,"strawberry,brocolli,green_ice,pechay,lettuce",,,"Manually labeled - no GPS data. Crops: strawberry, brocolli, green ice, pechay, lettuce",unknown_phone_camera,field
jan16_0007,12,7,,orphaned-jan16-no-metadata/latrinidad_betag_sf/latrinidad_betag_sf_20260116_103754_d86c5fc0.jpg,,,,2026-01-16T12:00:00.000Z,,,,,,,,,,La Trinidad,Betag,Strawberry Farm,"strawberry,brocolli,green_ice,pechay,lettuce",,,"Manually labeled - no GPS data. Crops: strawberry, brocolli, green ice, pechay, lettuce",unknown_phone_camera,field
jan16_0008,12,8,,orphaned-jan16-no-metadata/latrinidad_betag_sf/latrinidad_betag_sf_20260116_103755_f4b13e24.jpg,,,,2026-01-16T12:00:00.000Z,,,,,,,,,,La Trinidad,Betag,Strawberry Farm,"strawberry,brocolli,green_ice,pechay,lettuce",,,"Manually labeled - no GPS data. Crops: strawberry, brocolli, green ice, pechay, lettuce",unknown_phone_camera,field
jan16_0009,6,1,,orphaned-jan16-no-metadata/latrinidad_betag_sf/latrinidad_betag_sf_20260116_102120_c8265d24.jpg,,,,2026-01-16T12:00:00.000Z,,,,,,,,,,La Trinidad,Betag,Strawberry Farm,"strawberry,brocolli,green_ice,pechay,lettuce",,,"Manually labeled - no GPS data. Crops: strawberry, brocolli, green ice, pechay, lettuce",unknown_phone_camera,field
jan16_0010,6,2,,orphaned-jan16-no-metadata/latrinidad_betag_sf/latrinidad_betag_sf_20260116_102106_dc7464d7.jpg,,,,2026-01-16T12:00:00.000Z,,,,,,,,,,La Trinidad,Betag,Strawberry Farm,"strawberry,brocolli,green_ice,pechay,lettuce",,,"Manually labeled - no GPS data. Crops: strawberry, brocolli, green ice, pechay, lettuce",unknown_phone_camera,field
jan16_0011,6,3,,orphaned-jan16-no-metadata/latrinidad_betag_sf/latrinidad_betag_sf_20260116_102108_6b18bcf3.jpg,,,,2026-01-16T12:00:00.000Z,,,,,,,,,,La Trinidad,Betag,Strawberry Farm,"strawberry,brocolli,green_ice,pechay,lettuce",,,"Manually labeled - no GPS data. Crops: strawberry, brocolli, green ice, pechay, lettuce",unknown_phone_camera,field
jan16_0012,6,4,,orphaned-jan16-no-metadata/latrinidad_betag_sf/latrinidad_betag_sf_20260116_102109_bfce5e61.jpg,,,,2026-01-16T12:00:00.000Z,,,,,,,,,,La Trinidad,Betag,Strawberry Farm,"strawberry,brocolli,green_ice,pechay,lettuce",,,"Manually labeled - no GPS data. Crops: strawberry, brocolli, green ice, pechay, lettuce",unknown_phone_camera,field
jan16_0013,6,5,,orphaned-jan16-no-metadata/latrinidad_betag_sf/latrinidad_betag_sf_20260116_102113_806ffc1e.jpg,,,,2026-01-16T12:00:00.000Z,,,,,,,,,,La Trinidad,Betag,Strawberry Farm,"strawberry,brocolli,green_ice,pechay,lettuce",,,"Manually labeled - no GPS data. Crops: strawberry, brocolli, green ice, pechay, lettuce",unknown_phone_camera,field
jan16_0014,6,6,,orphaned-jan16-no-metadata/latrinidad_betag_sf/latrinidad_betag_sf_20260116_102115_c863f68e.jpg,,,,2026-01-16T12:00:00.000Z,,,,,,,,,,La Trinidad,Betag,Strawberry Farm,"strawberry,brocolli,green_ice,pechay,lettuce",,,"Manually labeled - no GPS data. Crops: strawberry, brocolli, green ice, pechay, lettuce",unknown_phone_camera,field
jan16_0015,6,7,,orphaned-jan16-no-metadata/latrinidad_betag_sf/latrinidad_betag_sf_20260116_102119_a721240a.jpg,,,,2026-01-16T12:00:00.000Z,,,,,,,,,,La Trinidad,Betag,Strawberry Farm,"strawberry,brocolli,green_ice,pechay,lettuce",,,"Manually labeled - no GPS data. Crops: strawberry, brocolli, green ice, pechay, lettuce",unknown_phone_camera,field
jan16_0016,1,1,,orphaned-jan16-no-metadata/latrinidad_betag_sf/latrinidad_betag_sf_20260116_100120_f4faec79.jpg,,,,2026-01-16T12:00:00.000Z,,,,,,,,,,La Trinidad,Betag,Strawberry Farm,"strawberry,brocolli,green_ice,pechay,lettuce",,,"Manually labeled - no GPS data. Crops: strawberry, brocolli, green ice, pechay, lettuce",unknown_phone_camera,field
jan16_0017,1,2,,orphaned-jan16-no-metadata/latrinidad_betag_sf/latrinidad_betag_sf_20260116_100119_2d3ee5ae.jpg,,,,2026-01-16T12:00:00.000Z,,,,,,,,,,La Trinidad,Betag,Strawberry Farm,"strawberry,brocolli,green_ice,pechay,lettuce",,,"Manually labeled - no GPS data. Crops: strawberry, brocolli, green ice, pechay, lettuce",unknown_phone_camera,field
jan16_0018,10,1,,orphaned-jan16-no-metadata/latrinidad_betag_sf/latrinidad_betag_sf_20260116_102611_e69505c3.jpg,,,,2026-01-16T12:00:00.000Z,,,,,,,,,,La Trinidad,Betag,Strawberry Farm,"strawberry,brocolli,green_ice,pechay,lettuce",,,"Manually labeled - no GPS data. Crops: strawberry, brocolli, green ice, pechay, lettuce",unknown_phone_camera,field
jan16_0019,10,2,,orphaned-jan16-no-metadata/latrinidad_betag_sf/latrinidad_betag_sf_20260116_102559_578656ac.jpg,,,,2026-01-16T12:00:00.000Z,,,,,,,,,,La Trinidad,Betag,Strawberry Farm,"strawberry,brocolli,green_ice,pechay,lettuce",,,"Manually labeled - no GPS data. Crops: strawberry, brocolli, green ice, pechay, lettuce",unknown_phone_camera,field
jan16_0020,10,3,,orphaned-jan16-no-metadata/latrinidad_betag_sf/latrinidad_betag_sf_20260116_102600_59b311a2.jpg,,,,2026-01-16T12:00:00.000Z,,,,,,,,,,La Trinidad,Betag,Strawberry Farm,"strawberry,brocolli,green_ice,pechay,lettuce",,,"Manually labeled - no GPS data. Crops: strawberry, brocolli, green ice, pechay, lettuce",unknown_phone_camera,field
jan16_0021,10,4,,orphaned-jan16-no-metadata/latrinidad_betag_sf/latrinidad_betag_sf_20260116_102603_2e0aca39.jpg,,,,2026-01-16T12:00:00.000Z,,,,,,,,,,La Trinidad,Betag,Strawberry Farm,"strawberry,brocolli,green_ice,pechay,lettuce",,,"Manually labeled - no GPS data. Crops: strawberry, brocolli, green ice, pechay, lettuce",unknown_phone_camera,field
jan16_0022,10,5,,orphaned-jan16-no-metadata/latrinidad_betag_sf/latrinidad_betag_sf_20260116_102608_ec547598.jpg,,,,2026-01-16T12:00:00.000Z,,,,,,,,,,La Trinidad,Betag,Strawberry Farm,"strawberry,brocolli,green_ice,pechay,lettuce",,,"Manually labeled - no GPS data. Crops: strawberry, brocolli, green ice, pechay, lettuce",unknown_phone_camera,field
jan16_0023,10,6,,orphaned-jan16-no-metadata/latrinidad_betag_sf/latrinidad_betag_sf_20260116_102609_135cbd70.jpg,,,,2026-01-16T12:00:00.000Z,,,,,,,,,,La Trinidad,Betag,Strawberry Farm,"strawberry,brocolli,green_ice,pechay,lettuce",,,"Manually labeled - no GPS data. Crops: strawberry, brocolli, green ice, pechay, lettuce",unknown_phone_camera,field
jan16_0024,11,1,,orphaned-jan16-no-metadata/latrinidad_betag_sf/latrinidad_betag_sf_20260116_103613_ae84f213.jpg,,,,2026-01-16T12:00:00.000Z,,,,,,,,,,La Trinidad,Betag,Strawberry Farm,"strawberry,brocolli,green_ice,pechay,lettuce",,,"Manually labeled - no GPS data. Crops: strawberry, brocolli, green ice, pechay, lettuce",unknown_phone_camera,field
jan16_0025,11,2,,orphaned-jan16-no-metadata/latrinidad_betag_sf/latrinidad_betag_sf_20260116_103615_e24493d3.jpg,,,,2026-01-16T12:00:00.000Z,,,,,,,,,,La Trinidad,Betag,Strawberry Farm,"strawberry,brocolli,green_ice,pechay,lettuce",,,"Manually labeled - no GPS data. Crops: strawberry, brocolli, green ice, pechay, lettuce",unknown_phone_camera,field
jan16_0026,11,3,,orphaned-jan16-no-metadata/latrinidad_betag_sf/latrinidad_betag_sf_20260116_103625_ed4507ca.jpg,,,,2026-01-16T12:00:00.000Z,,,,,,,,,,La Trinidad,Betag,Strawberry Farm,"strawberry,brocolli,green_ice,pechay,lettuce",,,"Manually labeled - no GPS data. Crops: strawberry, brocolli, green ice, pechay, lettuce",unknown_phone_camera,field
jan16_0027,11,4,,orphaned-jan16-no-metadata/latrinidad_betag_sf/latrinidad_betag_sf_20260116_103626_aefa0b45.jpg,,,,2026-01-16T12:00:00.000Z,,,,,,,,,,La Trinidad,Betag,Strawberry Farm,"strawberry,brocolli,green_ice,pechay,lettuce",,,"Manually labeled - no GPS data. Crops: strawberry, brocolli, green ice, pechay, lettuce",unknown_phone_camera,field
jan16_0028,11,5,,orphaned-jan16-no-metadata/latrinidad_betag_sf/latrinidad_betag_sf_20260116_103636_a446291d.jpg,,,,2026-01-16T12:00:00.000Z,,,,,,,,,,La Trinidad,Betag,Strawberry Farm,"strawberry,brocolli,green_ice,pechay,lettuce",,,"Manually labeled - no GPS data. Crops: strawberry, brocolli, green ice, pechay, lettuce",unknown_phone_camera,field
jan16_0029,11,6,,orphaned-jan16-no-metadata/latrinidad_betag_sf/latrinidad_betag_sf_20260116_103637_59ae5ad0.jpg,,,,2026-01-16T12:00:00.000Z,,,,,,,,,,La Trinidad,Betag,Strawberry Farm,"strawberry,brocolli,green_ice,pechay,lettuce",,,"Manually labeled - no GPS data. Crops: strawberry, brocolli, green ice, pechay, lettuce",unknown_phone_camera,field
jan16_0030,13,1,,orphaned-jan16-no-metadata/latrinidad_betag_sf/latrinidad_betag_sf_20260116_103841_954cd50c.jpg,,,,2026-01-16T12:00:00.000Z,,,,,,,,,,La Trinidad,Betag,Strawberry Farm,"strawberry,brocolli,green_ice,pechay,lettuce",,,"Manually labeled - no GPS data. Crops: strawberry, brocolli, green ice, pechay, lettuce",unknown_phone_camera,field
jan16_0031,13,2,,orphaned-jan16-no-metadata/latrinidad_betag_sf/latrinidad_betag_sf_20260116_103842_c819ec6c.jpg,,,,2026-01-16T12:00:00.000Z,,,,,,,,,,La Trinidad,Betag,Strawberry Farm,"strawberry,brocolli,green_ice,pechay,lettuce",,,"Manually labeled - no GPS data. Crops: strawberry, brocolli, green ice, pechay, lettuce",unknown_phone_camera,field
jan16_0032,13,3,,orphaned-jan16-no-metadata/latrinidad_betag_sf/latrinidad_betag_sf_20260116_103846_8b406654.jpg,,,,2026-01-16T12:00:00.000Z,,,,,,,,,,La Trinidad,Betag,Strawberry Farm,"strawberry,brocolli,green_ice,pechay,lettuce",,,"Manually labeled - no GPS data. Crops: strawberry, brocolli, green ice, pechay, lettuce",unknown_phone_camera,field
jan16_0033,13,4,,orphaned-jan16-no-metadata/latrinidad_betag_sf/latrinidad_betag_sf_20260116_103856_a804bef1.jpg,,,,2026-01-16T12:00:00.000Z,,,,,,,,,,La Trinidad,Betag,Strawberry Farm,"strawberry,brocolli,green_ice,pechay,lettuce",,,"Manually labeled - no GPS data. Crops: strawberry, brocolli, green ice, pechay, lettuce",unknown_phone_camera,field
jan16_0034,13,5,,orphaned-jan16-no-metadata/latrinidad_betag_sf/latrinidad_betag_sf_20260116_103902_17007e6d.jpg,,,,2026-01-16T12:00:00.000Z,,,,,,,,,,La Trinidad,Betag,Strawberry Farm,"strawberry,brocolli,green_ice,pechay,lettuce",,,"Manually labeled - no GPS data. Crops: strawberry, brocolli, green ice, pechay, lettuce",unknown_phone_camera,field
jan16_0035,13,6,,orphaned-jan16-no-metadata/latrinidad_betag_sf/latrinidad_betag_sf_20260116_103905_20a32ba2.jpg,,,,2026-01-16T12:00:00.000Z,,,,,,,,,,La Trinidad,Betag,Strawberry Farm,"strawberry,brocolli,green_ice,pechay,lettuce",,,"Manually labeled - no GPS data. Crops: strawberry, brocolli, green ice, pechay, lettuce",unknown_phone_camera,field
jan16_0036,13,7,,orphaned-jan16-no-metadata/latrinidad_betag_sf/latrinidad_betag_sf_20260116_103907_7841bcba.jpg,,,,2026-01-16T12:00:00.000Z,,,,,,,,,,La Trinidad,Betag,Strawberry Farm,"strawberry,brocolli,green_ice,pechay,lettuce",,,"Manually labeled - no GPS data. Crops: strawberry, brocolli, green ice, pechay, lettuce",unknown_phone_camera,field
jan16_0037,14,1,,orphaned-jan16-no-metadata/latrinidad_betag_sf/latrinidad_betag_sf_20260116_104042_6080d614.jpg,,,,2026-01-16T12:00:00.000Z,,,,,,,,,,La Trinidad,Betag,Strawberry Farm,"strawberry,brocolli,green_ice,pechay,lettuce",,,"Manually labeled - no GPS data. Crops: strawberry, brocolli, green ice, pechay, lettuce",unknown_phone_camera,field
jan16_0038,14,2,,orphaned-jan16-no-metadata/latrinidad_betag_sf/latrinidad_betag_sf_20260116_104043_46f1892c.jpg,,,,2026-01-16T12:00:00.000Z,,,,,,,,,,La Trinidad,Betag,Strawberry Farm,"strawberry,brocolli,green_ice,pechay,lettuce",,,"Manually labeled - no GPS data. Crops: strawberry, brocolli, green ice, pechay, lettuce",unknown_phone_camera,field
jan16_0039,14,3,,orphaned-jan16-no-metadata/latrinidad_betag_sf/latrinidad_betag_sf_20260116_104048_94262ea7.jpg,,,,2026-01-16T12:00:00.000Z,,,,,,,,,,La Trinidad,Betag,Strawberry Farm,"strawberry,brocolli,green_ice,pechay,lettuce",,,"Manually labeled - no GPS data. Crops: strawberry, brocolli, green ice, pechay, lettuce",unknown_phone_camera,field
jan16_0040,14,4,,orphaned-jan16-no-metadata/latrinidad_betag_sf/latrinidad_betag_sf_20260116_104049_8b5114cf.jpg,,,,2026-01-16T12:00:00.000Z,,,,,,,,,,La Trinidad,Betag,Strawberry Farm,"strawberry,brocolli,green_ice,pechay,lettuce",,,"Manually labeled - no GPS data. Crops: strawberry, brocolli, green ice, pechay, lettuce",unknown_phone_camera,field
jan16_0041,14,5,,orphaned-jan16-no-metadata/latrinidad_betag_sf/latrinidad_betag_sf_20260116_104050_3e00546c.jpg,,,,2026-01-16T12:00:00.000Z,,,,,,,,,,La Trinidad,Betag,Strawberry Farm,"strawberry,brocolli,green_ice,pechay,lettuce",,,"Manually labeled - no GPS data. Crops: strawberry, brocolli, green ice, pechay, lettuce",unknown_phone_camera,field
jan16_0042,14,6,,orphaned-jan16-no-metadata/latrinidad_betag_sf/latrinidad_betag_sf_20260116_104056_97e13e11.jpg,,,,2026-01-16T12:00:00.000Z,,,,,,,,,,La Trinidad,Betag,Strawberry Farm,"strawberry,brocolli,green_ice,pechay,lettuce",,,"Manually labeled - no GPS data. Crops: strawberry, brocolli, green ice, pechay, lettuce",unknown_phone_camera,field
jan16_0043,14,7,,orphaned-jan16-no-metadata/latrinidad_betag_sf/latrinidad_betag_sf_20260116_104057_63b8d553.jpg,,,,2026-01-16T12:00:00.000Z,,,,,,,,,,La Trinidad,Betag,Strawberry Farm,"strawberry,brocolli,green_ice,pechay,lettuce",,,"Manually labeled - no GPS data. Crops: strawberry, brocolli, green ice, pechay, lettuce",unknown_phone_camera,field
jan16_0044,15,1,,orphaned-jan16-no-metadata/latrinidad_betag_sf/latrinidad_betag_sf_20260116_104202_1573bff2.jpg,,,,2026-01-16T12:00:00.000Z,,,,,,,,,,La Trinidad,Betag,Strawberry Farm,"strawberry,brocolli,green_ice,pechay,lettuce",,,"Manually labeled - no GPS data. Crops: strawberry, brocolli, green ice, pechay, lettuce",unknown_phone_camera,field
jan16_0045,15,10,,orphaned-jan16-no-metadata/latrinidad_betag_sf/latrinidad_betag_sf_20260116_104228_2bfb5c04.jpg,,,,2026-01-16T12:00:00.000Z,,,,,,,,,,La Trinidad,Betag,Strawberry Farm,"strawberry,brocolli,green_ice,pechay,lettuce",,,"Manually labeled - no GPS data. Crops: strawberry, brocolli, green ice, pechay, lettuce",unknown_phone_camera,field
jan16_0046,15,2,,orphaned-jan16-no-metadata/latrinidad_betag_sf/latrinidad_betag_sf_20260116_104202_fb04a7d1.jpg,,,,2026-01-16T12:00:00.000Z,,,,,,,,,,La Trinidad,Betag,Strawberry Farm,"strawberry,brocolli,green_ice,pechay,lettuce",,,"Manually labeled - no GPS data. Crops: strawberry, brocolli, green ice, pechay, lettuce",unknown_phone_camera,field
jan16_0047,15,3,,orphaned-jan16-no-metadata/latrinidad_betag_sf/latrinidad_betag_sf_20260116_104206_419a8b8e.jpg,,,,2026-01-16T12:00:00.000Z,,,,,,,,,,La Trinidad,Betag,Strawberry Farm,"strawberry,brocolli,green_ice,pechay,lettuce",,,"Manually labeled - no GPS data. Crops: strawberry, brocolli, green ice, pechay, lettuce",unknown_phone_camera,field
jan16_0048,15,4,,orphaned-jan16-no-metadata/latrinidad_betag_sf/latrinidad_betag_sf_20260116_104216_413c8a07.jpg,,,,2026-01-16T12:00:00.000Z,,,,,,,,,,La Trinidad,Betag,Strawberry Farm,"strawberry,brocolli,green_ice,pechay,lettuce",,,"Manually labeled - no GPS data. Crops: strawberry, brocolli, green ice, pechay, lettuce",unknown_phone_camera,field
jan16_0049,15,5,,orphaned-jan16-no-metadata/latrinidad_betag_sf/latrinidad_betag_sf_20260116_104217_286d9bfb.jpg,,,,2026-01-16T12:00:00.000Z,,,,,,,,,,La Trinidad,Betag,Strawberry Farm,"strawberry,brocolli,green_ice,pechay,lettuce",,,"Manually labeled - no GPS data. Crops: strawberry, brocolli, green ice, pechay, lettuce",unknown_phone_camera,field
jan16_0050,15,6,,orphaned-jan16-no-metadata/latrinidad_betag_sf/latrinidad_betag_sf_20260116_104218_354a84cc.jpg,,,,2026-01-16T12:00:00.000Z,,,,,,,,,,La Trinidad,Betag,Strawberry Farm,"strawberry,brocolli,green_ice,pechay,lettuce",,,"Manually labeled - no GPS data. Crops: strawberry, brocolli, green ice, pechay, lettuce",unknown_phone_camera,field
jan16_0051,15,7,,orphaned-jan16-no-metadata/latrinidad_betag_sf/latrinidad_betag_sf_20260116_104219_742cf10a.jpg,,,,2026-01-16T12:00:00.000Z,,,,,,,,,,La Trinidad,Betag,Strawberry Farm,"strawberry,brocolli,green_ice,pechay,lettuce",,,"Manually labeled - no GPS data. Crops: strawberry, brocolli, green ice, pechay, lettuce",unknown_phone_camera,field
jan16_0052,15,8,,orphaned-jan16-no-metadata/latrinidad_betag_sf/latrinidad_betag_sf_20260116_104220_faad409c.jpg,,,,2026-01-16T12:00:00.000Z,,,,,,,,,,La Trinidad,Betag,Strawberry Farm,"strawberry,brocolli,green_ice,pechay,lettuce",,,"Manually labeled - no GPS data. Crops: strawberry, brocolli, green ice, pechay, lettuce",unknown_phone_camera,field
jan16_0053,15,9,,orphaned-jan16-no-metadata/latrinidad_betag_sf/latrinidad_betag_sf_20260116_104227_3199b641.jpg,,,,2026-01-16T12:00:00.000Z,,,,,,,,,,La Trinidad,Betag,Strawberry Farm,"strawberry,brocolli,green_ice,pechay,lettuce",,,"Manually labeled - no GPS data. Crops: strawberry, brocolli, green ice, pechay, lettuce",unknown_phone_camera,field
jan16_0054,16,1,,orphaned-jan16-no-metadata/latrinidad_betag_sf/latrinidad_betag_sf_20260116_104636_e325e2d1.jpg,,,,2026-01-16T12:00:00.000Z,,,,,,,,,,La Trinidad,Betag,Strawberry Farm,"strawberry,brocolli,green_ice,pechay,lettuce",,,"Manually labeled - no GPS data. Crops: strawberry, brocolli, green ice, pechay, lettuce",unknown_phone_camera,field
jan16_0055,16,2,,orphaned-jan16-no-metadata/latrinidad_betag_sf/latrinidad_betag_sf_20260116_104636_c6fc6cd5.jpg,,,,2026-01-16T12:00:00.000Z,,,,,,,,,,La Trinidad,Betag,Strawberry Farm,"strawberry,brocolli,green_ice,pechay,lettuce",,,"Manually labeled - no GPS data. Crops: strawberry, brocolli, green ice, pechay, lettuce",unknown_phone_camera,field
jan16_0056,16,3,,orphaned-jan16-no-metadata/latrinidad_betag_sf/latrinidad_betag_sf_20260116_104637_63edec19.jpg,,,,2026-01-16T12:00:00.000Z,,,,,,,,,,La Trinidad,Betag,Strawberry Farm,"strawberry,brocolli,green_ice,pechay,lettuce",,,"Manually labeled - no GPS data. Crops: strawberry, brocolli, green ice, pechay, lettuce",unknown_phone_camera,field
jan16_0057,16,4,,orphaned-jan16-no-metadata/latrinidad_betag_sf/latrinidad_betag_sf_20260116_104645_c0b57b2a.jpg,,,,2026-01-16T12:00:00.000Z,,,,,,,,,,La Trinidad,Betag,Strawberry Farm,"strawberry,brocolli,green_ice,pechay,lettuce",,,"Manually labeled - no GPS data. Crops: strawberry, brocolli, green ice, pechay, lettuce",unknown_phone_camera,field
jan16_0058,16,5,,orphaned-jan16-no-metadata/latrinidad_betag_sf/latrinidad_betag_sf_20260116_104646_1fce52c7.jpg,,,,2026-01-16T12:00:00.000Z,,,,,,,,,,La Trinidad,Betag,Strawberry Farm,"strawberry,brocolli,green_ice,pechay,lettuce",,,"Manually labeled - no GPS data. Crops: strawberry, brocolli, green ice, pechay, lettuce",unknown_phone_camera,field
jan16_0059,16,6,,orphaned-jan16-no-metadata/latrinidad_betag_sf/latrinidad_betag_sf_20260116_104648_e31fe73e.jpg,,,,2026-01-16T12:00:00.000Z,,,,,,,,,,La Trinidad,Betag,Strawberry Farm,"strawberry,brocolli,green_ice,pechay,lettuce",,,"Manually labeled - no GPS data. Crops: strawberry, brocolli, green ice, pechay, lettuce",unknown_phone_camera,field
jan16_0060,17,1,,orphaned-jan16-no-metadata/latrinidad_betag_sf/latrinidad_betag_sf_20260116_104901_8b7404c4.jpg,,,,2026-01-16T12:00:00.000Z,,,,,,,,,,La Trinidad,Betag,Strawberry Farm,"strawberry,brocolli,green_ice,pechay,lettuce",,,"Manually labeled - no GPS data. Crops: strawberry, brocolli, green ice, pechay, lettuce",unknown_phone_camera,field
jan16_0061,17,10,,orphaned-jan16-no-metadata/latrinidad_betag_sf/latrinidad_betag_sf_20260116_104858_d30ca2e7.jpg,,,,2026-01-16T12:00:00.000Z,,,,,,,,,,La Trinidad,Betag,Strawberry Farm,"strawberry,brocolli,green_ice,pechay,lettuce",,,"Manually labeled - no GPS data. Crops: strawberry, brocolli, green ice, pechay, lettuce",unknown_phone_camera,field
jan16_0062,17,11,,orphaned-jan16-no-metadata/latrinidad_betag_sf/latrinidad_betag_sf_20260116_104859_3b095b10.jpg,,,,2026-01-16T12:00:00.000Z,,,,,,,,,,La Trinidad,Betag,Strawberry Farm,"strawberry,brocolli,green_ice,pechay,lettuce",,,"Manually labeled - no GPS data. Crops: strawberry, brocolli, green ice, pechay, lettuce",unknown_phone_camera,field
jan16_0063,17,2,,orphaned-jan16-no-metadata/latrinidad_betag_sf/latrinidad_betag_sf_20260116_104831_e9ff2b94.jpg,,,,2026-01-16T12:00:00.000Z,,,,,,,,,,La Trinidad,Betag,Strawberry Farm,"strawberry,brocolli,green_ice,pechay,lettuce",,,"Manually labeled - no GPS data. Crops: strawberry, brocolli, green ice, pechay, lettuce",unknown_phone_camera,field
jan16_0064,17,3,,orphaned-jan16-no-metadata/latrinidad_betag_sf/latrinidad_betag_sf_20260116_104831_c742f8d2.jpg,,,,2026-01-16T12:00:00.000Z,,,,,,,,,,La Trinidad,Betag,Strawberry Farm,"strawberry,brocolli,green_ice,pechay,lettuce",,,"Manually labeled - no GPS data. Crops: strawberry, brocolli, green ice, pechay, lettuce",unknown_phone_camera,field
jan16_0065,17,4,,orphaned-jan16-no-metadata/latrinidad_betag_sf/latrinidad_betag_sf_20260116_104832_7778a117.jpg,,,,2026-01-16T12:00:00.000Z,,,,,,,,,,La Trinidad,Betag,Strawberry Farm,"strawberry,brocolli,green_ice,pechay,lettuce",,,"Manually labeled - no GPS data. Crops: strawberry, brocolli, green ice, pechay, lettuce",unknown_phone_camera,field
jan16_0066,17,5,,orphaned-jan16-no-metadata/latrinidad_betag_sf/latrinidad_betag_sf_20260116_104841_f2dc25bc.jpg,,,,2026-01-16T12:00:00.000Z,,,,,,,,,,La Trinidad,Betag,Strawberry Farm,"strawberry,brocolli,green_ice,pechay,lettuce",,,"Manually labeled - no GPS data. Crops: strawberry, brocolli, green ice, pechay, lettuce",unknown_phone_camera,field
jan16_0067,17,6,,orphaned-jan16-no-metadata/latrinidad_betag_sf/latrinidad_betag_sf_20260116_104842_70ea674c.jpg,,,,2026-01-16T12:00:00.000Z,,,,,,,,,,La Trinidad,Betag,Strawberry Farm,"strawberry,brocolli,green_ice,pechay,lettuce",,,"Manually labeled - no GPS data. Crops: strawberry, brocolli, green ice, pechay, lettuce",unknown_phone_camera,field
jan16_0068,17,7,,orphaned-jan16-no-metadata/latrinidad_betag_sf/latrinidad_betag_sf_20260116_104844_ecaaabbe.jpg,,,,2026-01-16T12:00:00.000Z,,,,,,,,,,La Trinidad,Betag,Strawberry Farm,"strawberry,brocolli,green_ice,pechay,lettuce",,,"Manually labeled - no GPS data. Crops: strawberry, brocolli, green ice, pechay, lettuce",unknown_phone_camera,field
jan16_0069,17,8,,orphaned-jan16-no-metadata/latrinidad_betag_sf/latrinidad_betag_sf_20260116_104847_bc2a3398.jpg,,,,2026-01-16T12:00:00.000Z,,,,,,,,,,La Trinidad,Betag,Strawberry Farm,"strawberry,brocolli,green_ice,pechay,lettuce",,,"Manually labeled - no GPS data. Crops: strawberry, brocolli, green ice, pechay, lettuce",unknown_phone_camera,field
jan16_0070,17,9,,orphaned-jan16-no-metadata/latrinidad_betag_sf/latrinidad_betag_sf_20260116_104848_112db8ea.jpg,,,,2026-01-16T12:00:00.000Z,,,,,,,,,,La Trinidad,Betag,Strawberry Farm,"strawberry,brocolli,green_ice,pechay,lettuce",,,"Manually labeled - no GPS data. Crops: strawberry, brocolli, green ice, pechay, lettuce",unknown_phone_camera,field
jan16_0071,18,1,,orphaned-jan16-no-metadata/latrinidad_betag_sf/latrinidad_betag_sf_20260116_105010_a4c74c8e.jpg,,,,2026-01-16T12:00:00.000Z,,,,,,,,,,La Trinidad,Betag,Strawberry Farm,"strawberry,brocolli,green_ice,pechay,lettuce",,,"Manually labeled - no GPS data. Crops: strawberry, brocolli, green ice, pechay, lettuce",unknown_phone_camera,field
jan16_0072,18,2,,orphaned-jan16-no-metadata/latrinidad_betag_sf/latrinidad_betag_sf_20260116_105011_4307b8ff.jpg,,,,2026-01-16T12:00:00.000Z,,,,,,,,,,La Trinidad,Betag,Strawberry Farm,"strawberry,brocolli,green_ice,pechay,lettuce",,,"Manually labeled - no GPS data. Crops: strawberry, brocolli, green ice, pechay, lettuce",unknown_phone_camera,field
jan16_0073,18,3,,orphaned-jan16-no-metadata/latrinidad_betag_sf/latrinidad_betag_sf_20260116_105015_be37574c.jpg,,,,2026-01-16T12:00:00.000Z,,,,,,,,,,La Trinidad,Betag,Strawberry Farm,"strawberry,brocolli,green_ice,pechay,lettuce",,,"Manually labeled - no GPS data. Crops: strawberry, brocolli, green ice, pechay, lettuce",unknown_phone_camera,field
jan16_0074,18,4,,orphaned-jan16-no-metadata/latrinidad_betag_sf/latrinidad_betag_sf_20260116_105017_f2880ddd.jpg,,,,2026-01-16T12:00:00.000Z,,,,,,,,,,La Trinidad,Betag,Strawberry Farm,"strawberry,brocolli,green_ice,pechay,lettuce",,,"Manually labeled - no GPS data. Crops: strawberry, brocolli, green ice, pechay, lettuce",unknown_phone_camera,field
jan16_0075,18,5,,orphaned-jan16-no-metadata/latrinidad_betag_sf/latrinidad_betag_sf_20260116_105019_4a43d923.jpg,,,,2026-01-16T12:00:00.000Z,,,,,,,,,,La Trinidad,Betag,Strawberry Farm,"strawberry,brocolli,green_ice,pechay,lettuce",,,"Manually labeled - no GPS data. Crops: strawberry, brocolli, green ice, pechay, lettuce",unknown_phone_camera,field
jan16_0076,18,6,,orphaned-jan16-no-metadata/latrinidad_betag_sf/latrinidad_betag_sf_20260116_105024_8dbfed20.jpg,,,,2026-01-16T12:00:00.000Z,,,,,,,,,,La Trinidad,Betag,Strawberry Farm,"strawberry,brocolli,green_ice,pechay,lettuce",,,"Manually labeled - no GPS data. Crops: strawberry, brocolli, green ice, pechay, lettuce",unknown_phone_camera,field
jan16_0077,18,7,,orphaned-jan16-no-metadata/latrinidad_betag_sf/latrinidad_betag_sf_20260116_105025_c6eacb08.jpg,,,,2026-01-16T12:00:00.000Z,,,,,,,,,,La Trinidad,Betag,Strawberry Farm,"strawberry,brocolli,green_ice,pechay,lettuce",,,"Manually labeled - no GPS data. Crops: strawberry, brocolli, green ice, pechay, lettuce",unknown_phone_camera,field
jan16_0078,19,1,,orphaned-jan16-no-metadata/latrinidad_betag_sf/latrinidad_betag_sf_20260116_105158_aa33003f.jpg,,,,2026-01-16T12:00:00.000Z,,,,,,,,,,La Trinidad,Betag,Strawberry Farm,"strawberry,brocolli,green_ice,pechay,lettuce",,,"Manually labeled - no GPS data. Crops: strawberry, brocolli, green ice, pechay, lettuce",unknown_phone_camera,field
jan16_0079,19,2,,orphaned-jan16-no-metadata/latrinidad_betag_sf/latrinidad_betag_sf_20260116_105144_d0a8f7fe.jpg,,,,2026-01-16T12:00:00.000Z,,,,,,,,,,La Trinidad,Betag,Strawberry Farm,"strawberry,brocolli,green_ice,pechay,lettuce",,,"Manually labeled - no GPS data. Crops: strawberry, brocolli, green ice, pechay, lettuce",unknown_phone_camera,field
jan16_0080,19,3,,orphaned-jan16-no-metadata/latrinidad_betag_sf/latrinidad_betag_sf_20260116_105145_bc1bb042.jpg,,,,2026-01-16T12:00:00.000Z,,,,,,,,,,La Trinidad,Betag,Strawberry Farm,"strawberry,brocolli,green_ice,pechay,lettuce",,,"Manually labeled - no GPS data. Crops: strawberry, brocolli, green ice, pechay, lettuce",unknown_phone_camera,field
jan16_0081,19,4,,orphaned-jan16-no-metadata/latrinidad_betag_sf/latrinidad_betag_sf_20260116_105148_0ce38dc2.jpg,,,,2026-01-16T12:00:00.000Z,,,,,,,,,,La Trinidad,Betag,Strawberry Farm,"strawberry,brocolli,green_ice,pechay,lettuce",,,"Manually labeled - no GPS data. Crops: strawberry, brocolli, green ice, pechay, lettuce",unknown_phone_camera,field
jan16_0082,19,5,,orphaned-jan16-no-metadata/latrinidad_betag_sf/latrinidad_betag_sf_20260116_105150_545189d4.jpg,,,,2026-01-16T12:00:00.000Z,,,,,,,,,,La Trinidad,Betag,Strawberry Farm,"strawberry,brocolli,green_ice,pechay,lettuce",,,"Manually labeled - no GPS data. Crops: strawberry, brocolli, green ice, pechay, lettuce",unknown_phone_camera,field
jan16_0083,19,6,,orphaned-jan16-no-metadata/latrinidad_betag_sf/latrinidad_betag_sf_20260116_105152_e297cf9f.jpg,,,,2026-01-16T12:00:00.000Z,,,,,,,,,,La Trinidad,Betag,Strawberry Farm,"strawberry,brocolli,green_ice,pechay,lettuce",,,"Manually labeled - no GPS data. Crops: strawberry, brocolli, green ice, pechay, lettuce",unknown_phone_camera,field
jan16_0084,2,1,,orphaned-jan16-no-metadata/latrinidad_betag_sf/latrinidad_betag_sf_20260116_100759_8edefb37.jpg,,,,2026-01-16T12:00:00.000Z,,,,,,,,,,La Trinidad,Betag,Strawberry Farm,"strawberry,brocolli,green_ice,pechay,lettuce",,,"Manually labeled - no GPS data. Crops: strawberry, brocolli, green ice, pechay, lettuce",unknown_phone_camera,field
jan16_0085,2,10,,orphaned-jan16-no-metadata/latrinidad_betag_sf/latrinidad_betag_sf_20260116_100756_59c7ddbc.jpg,,,,2026-01-16T12:00:00.000Z,,,,,,,,,,La Trinidad,Betag,Strawberry Farm,"strawberry,brocolli,green_ice,pechay,lettuce",,,"Manually labeled - no GPS data. Crops: strawberry, brocolli, green ice, pechay, lettuce",unknown_phone_camera,field
jan16_0086,2,11,,orphaned-jan16-no-metadata/latrinidad_betag_sf/latrinidad_betag_sf_20260116_100757_aecc9bcc.jpg,,,,2026-01-16T12:00:00.000Z,,,,,,,,,,La Trinidad,Betag,Strawberry Farm,"strawberry,brocolli,green_ice,pechay,lettuce",,,"Manually labeled - no GPS data. Crops: strawberry, brocolli, green ice, pechay, lettuce",unknown_phone_camera,field
jan16_0087,2,2,,orphaned-jan16-no-metadata/latrinidad_betag_sf/latrinidad_betag_sf_20260116_100800_b10d7a9e.jpg,,,,2026-01-16T12:00:00.000Z,,,,,,,,,,La Trinidad,Betag,Strawberry Farm,"strawberry,brocolli,green_ice,pechay,lettuce",,,"Manually labeled - no GPS data. Crops: strawberry, brocolli, green ice, pechay, lettuce",unknown_phone_camera,field
jan16_0088,2,3,,orphaned-jan16-no-metadata/latrinidad_betag_sf/latrinidad_betag_sf_20260116_100801_ec9676f5.jpg,,,,2026-01-16T12:00:00.000Z,,,,,,,,,,La Trinidad,Betag,Strawberry Farm,"strawberry,brocolli,green_ice,pechay,lettuce",,,"Manually labeled - no GPS data. Crops: strawberry, brocolli, green ice, pechay, lettuce",unknown_phone_camera,field
jan16_0089,2,4,,orphaned-jan16-no-metadata/latrinidad_betag_sf/latrinidad_betag_sf_20260116_100243_bb0ab254.jpg,,,,2026-01-16T12:00:00.000Z,,,,,,,,,,La Trinidad,Betag,Strawberry Farm,"strawberry,brocolli,green_ice,pechay,lettuce",,,"Manually labeled - no GPS data. Crops: strawberry, brocolli, green ice, pechay, lettuce",unknown_phone_camera,field
jan16_0090,2,5,,orphaned-jan16-no-metadata/latrinidad_betag_sf/latrinidad_betag_sf_20260116_100244_cdfd8e0d.jpg,,,,2026-01-16T12:00:00.000Z,,,,,,,,,,La Trinidad,Betag,Strawberry Farm,"strawberry,brocolli,green_ice,pechay,lettuce",,,"Manually labeled - no GPS data. Crops: strawberry, brocolli, green ice, pechay, lettuce",unknown_phone_camera,field
jan16_0091,2,6,,orphaned-jan16-no-metadata/latrinidad_betag_sf/latrinidad_betag_sf_20260116_100245_d626784a.jpg,,,,2026-01-16T12:00:00.000Z,,,,,,,,,,La Trinidad,Betag,Strawberry Farm,"strawberry,brocolli,green_ice,pechay,lettuce",,,"Manually labeled - no GPS data. Crops: strawberry, brocolli, green ice, pechay, lettuce",unknown_phone_camera,field
jan16_0092,2,7,,orphaned-jan16-no-metadata/latrinidad_betag_sf/latrinidad_betag_sf_20260116_100246_62004891.jpg,,,,2026-01-16T12:00:00.000Z,,,,,,,,,,La Trinidad,Betag,Strawberry Farm,"strawberry,brocolli,green_ice,pechay,lettuce",,,"Manually labeled - no GPS data. Crops: strawberry, brocolli, green ice, pechay, lettuce",unknown_phone_camera,field
jan16_0093,2,8,,orphaned-jan16-no-metadata/latrinidad_betag_sf/latrinidad_betag_sf_20260116_100247_7c0f9a7e.jpg,,,,2026-01-16T12:00:00.000Z,,,,,,,,,,La Trinidad,Betag,Strawberry Farm,"strawberry,brocolli,green_ice,pechay,lettuce",,,"Manually labeled - no GPS data. Crops: strawberry, brocolli, green ice, pechay, lettuce",unknown_phone_camera,field
jan16_0094,2,9,,orphaned-jan16-no-metadata/latrinidad_betag_sf/latrinidad_betag_sf_20260116_100756_0932e939.jpg,,,,2026-01-16T12:00:00.000Z,,,,,,,,,,La Trinidad,Betag,Strawberry Farm,"strawberry,brocolli,green_ice,pechay,lettuce",,,"Manually labeled - no GPS data. Crops: strawberry, brocolli, green ice, pechay, lettuce",unknown_phone_camera,field
jan16_0095,20,1,,orphaned-jan16-no-metadata/latrinidad_betag_sf/latrinidad_betag_sf_20260116_105845_30b20958.jpg,,,,2026-01-16T12:00:00.000Z,,,,,,,,,,La Trinidad,Betag,Strawberry Farm,"strawberry,brocolli,green_ice,pechay,lettuce",,,"Manually labeled - no GPS data. Crops: strawberry, brocolli, green ice, pechay, lettuce",unknown_phone_camera,field
jan16_0096,20,10,,orphaned-jan16-no-metadata/latrinidad_betag_sf/latrinidad_betag_sf_20260116_105844_67a2e978.jpg,,,,2026-01-16T12:00:00.000Z,,,,,,,,,,La Trinidad,Betag,Strawberry Farm,"strawberry,brocolli,green_ice,pechay,lettuce",,,"Manually labeled - no GPS data. Crops: strawberry, brocolli, green ice, pechay, lettuce",unknown_phone_camera,field
jan16_0097,20,2,,orphaned-jan16-no-metadata/latrinidad_betag_sf/latrinidad_betag_sf_20260116_105303_01a1d6a2.jpg,,,,2026-01-16T12:00:00.000Z,,,,,,,,,,La Trinidad,Betag,Strawberry Farm,"strawberry,brocolli,green_ice,pechay,lettuce",,,"Manually labeled - no GPS data. Crops: strawberry, brocolli, green ice, pechay, lettuce",unknown_phone_camera,field
jan16_0098,20,3,,orphaned-jan16-no-metadata/latrinidad_betag_sf/latrinidad_betag_sf_20260116_105308_d6016888.jpg,,,,2026-01-16T12:00:00.000Z,,,,,,,,,,La Trinidad,Betag,Strawberry Farm,"strawberry,brocolli,green_ice,pechay,lettuce",,,"Manually labeled - no GPS data. Crops: strawberry, brocolli, green ice, pechay, lettuce",unknown_phone_camera,field
jan16_0099,20,4,,orphaned-jan16-no-metadata/latrinidad_betag_sf/latrinidad_betag_sf_20260116_105315_7b43085f.jpg,,,,2026-01-16T12:00:00.000Z,,,,,,,,,,La Trinidad,Betag,Strawberry Farm,"strawberry,brocolli,green_ice,pechay,lettuce",,,"Manually labeled - no GPS data. Crops: strawberry, brocolli, green ice, pechay, lettuce",unknown_phone_camera,field
jan16_0100,20,5,,orphaned-jan16-no-metadata/latrinidad_betag_sf/latrinidad_betag_sf_20260116_105317_f6fe6d0a.jpg,,,,2026-01-16T12:00:00.000Z,,,,,,,,,,La Trinidad,Betag,Strawberry Farm,"strawberry,brocolli,green_ice,pechay,lettuce",,,"Manually labeled - no GPS data. Crops: strawberry, brocolli, green ice, pechay, lettuce",unknown_phone_camera,field
jan16_0101,20,6,,orphaned-jan16-no-metadata/latrinidad_betag_sf/latrinidad_betag_sf_20260116_105318_cd30dc78.jpg,,,,2026-01-16T12:00:00.000Z,,,,,,,,,,La Trinidad,Betag,Strawberry Farm,"strawberry,brocolli,green_ice,pechay,lettuce",,,"Manually labeled - no GPS data. Crops: strawberry, brocolli, green ice, pechay, lettuce",unknown_phone_camera,field
jan16_0102,20,7,,orphaned-jan16-no-metadata/latrinidad_betag_sf/latrinidad_betag_sf_20260116_105320_aafe514a.jpg,,,,2026-01-16T12:00:00.000Z,,,,,,,,,,La Trinidad,Betag,Strawberry Farm,"strawberry,brocolli,green_ice,pechay,lettuce",,,"Manually labeled - no GPS data. Crops: strawberry, brocolli, green ice, pechay, lettuce",unknown_phone_camera,field
jan16_0103,20,8,,orphaned-jan16-no-metadata/latrinidad_betag_sf/latrinidad_betag_sf_20260116_105826_9eb9c217.jpg,,,,2026-01-16T12:00:00.000Z,,,,,,,,,,La Trinidad,Betag,Strawberry Farm,"strawberry,brocolli,green_ice,pechay,lettuce",,,"Manually labeled - no GPS data. Crops: strawberry, brocolli, green ice, pechay, lettuce",unknown_phone_camera,field
jan16_0104,20,9,,orphaned-jan16-no-metadata/latrinidad_betag_sf/latrinidad_betag_sf_20260116_105829_d511427f.jpg,,,,2026-01-16T12:00:00.000Z,,,,,,,,,,La Trinidad,Betag,Strawberry Farm,"strawberry,brocolli,green_ice,pechay,lettuce",,,"Manually labeled - no GPS data. Crops: strawberry, brocolli, green ice, pechay, lettuce",unknown_phone_camera,field
jan16_0105,21,1,,orphaned-jan16-no-metadata/latrinidad_betag_sf/latrinidad_betag_sf_20260116_105855_3cd6a7f4.jpg,,,,2026-01-16T12:00:00.000Z,,,,,,,,,,La Trinidad,Betag,Strawberry Farm,"strawberry,brocolli,green_ice,pechay,lettuce",,,"Manually labeled - no GPS data. Crops: strawberry, brocolli, green ice, pechay, lettuce",unknown_phone_camera,field
jan16_0106,21,2,,orphaned-jan16-no-metadata/latrinidad_betag_sf/latrinidad_betag_sf_20260116_105856_fec1e0e7.jpg,,,,2026-01-16T12:00:00.000Z,,,,,,,,,,La Trinidad,Betag,Strawberry Farm,"strawberry,brocolli,green_ice,pechay,lettuce",,,"Manually labeled - no GPS data. Crops: strawberry, brocolli, green ice, pechay, lettuce",unknown_phone_camera,field
jan16_0107,22,1,,orphaned-jan16-no-metadata/latrinidad_betag_sf/latrinidad_betag_sf_20260116_110134_fedb3770.jpg,,,,2026-01-16T12:00:00.000Z,,,,,,,,,,La Trinidad,Betag,Strawberry Farm,"strawberry,brocolli,green_ice,pechay,lettuce",,,"Manually labeled - no GPS data. Crops: strawberry, brocolli, green ice, pechay, lettuce",unknown_phone_camera,field
jan16_0108,22,2,,orphaned-jan16-no-metadata/latrinidad_betag_sf/latrinidad_betag_sf_20260116_110119_8df7fbd8.jpg,,,,2026-01-16T12:00:00.000Z,,,,,,,,,,La Trinidad,Betag,Strawberry Farm,"strawberry,brocolli,green_ice,pechay,lettuce",,,"Manually labeled - no GPS data. Crops: strawberry, brocolli, green ice, pechay, lettuce",unknown_phone_camera,field
jan16_0109,22,3,,orphaned-jan16-no-metadata/latrinidad_betag_sf/latrinidad_betag_sf_20260116_110121_e42d3857.jpg,,,,2026-01-16T12:00:00.000Z,,,,,,,,,,La Trinidad,Betag,Strawberry Farm,"strawberry,brocolli,green_ice,pechay,lettuce",,,"Manually labeled - no GPS data. Crops: strawberry, brocolli, green ice, pechay, lettuce",unknown_phone_camera,field
jan16_0110,22,4,,orphaned-jan16-no-metadata/latrinidad_betag_sf/latrinidad_betag_sf_20260116_110123_664b2989.jpg,,,,2026-01-16T12:00:00.000Z,,,,,,,,,,La Trinidad,Betag,Strawberry Farm,"strawberry,brocolli,green_ice,pechay,lettuce",,,"Manually labeled - no GPS data. Crops: strawberry, brocolli, green ice, pechay, lettuce",unknown_phone_camera,field
jan16_0111,22,5,,orphaned-jan16-no-metadata/latrinidad_betag_sf/latrinidad_betag_sf_20260116_110125_2f8992e5.jpg,,,,2026-01-16T12:00:00.000Z,,,,,,,,,,La Trinidad,Betag,Strawberry Farm,"strawberry,brocolli,green_ice,pechay,lettuce",,,"Manually labeled - no GPS data. Crops: strawberry, brocolli, green ice, pechay, lettuce",unknown_phone_camera,field
jan16_0112,22,6,,orphaned-jan16-no-metadata/latrinidad_betag_sf/latrinidad_betag_sf_20260116_110131_90a487aa.jpg,,,,2026-01-16T12:00:00.000Z,,,,,,,,,,La Trinidad,Betag,Strawberry Farm,"strawberry,brocolli,green_ice,pechay,lettuce",,,"Manually labeled - no GPS data. Crops: strawberry, brocolli, green ice, pechay, lettuce",unknown_phone_camera,field
jan16_0113,22,7,,orphaned-jan16-no-metadata/latrinidad_betag_sf/latrinidad_betag_sf_20260116_110133_ab8d82ac.jpg,,,,2026-01-16T12:00:00.000Z,,,,,,,,,,La Trinidad,Betag,Strawberry Farm,"strawberry,brocolli,green_ice,pechay,lettuce",,,"Manually labeled - no GPS data. Crops: strawberry, brocolli, green ice, pechay, lettuce",unknown_phone_camera,field
jan16_0114,23,1,,orphaned-jan16-no-metadata/latrinidad_betag_sf/latrinidad_betag_sf_20260116_105952_17d82b0e.jpg,,,,2026-01-16T12:00:00.000Z,,,,,,,,,,La Trinidad,Betag,Strawberry Farm,"strawberry,brocolli,green_ice,pechay,lettuce",,,"Manually labeled - no GPS data. Crops: strawberry, brocolli, green ice, pechay, lettuce",unknown_phone_camera,field
jan16_0115,23,2,,orphaned-jan16-no-metadata/latrinidad_betag_sf/latrinidad_betag_sf_20260116_105953_26311674.jpg,,,,2026-01-16T12:00:00.000Z,,,,,,,,,,La Trinidad,Betag,Strawberry Farm,"strawberry,brocolli,green_ice,pechay,lettuce",,,"Manually labeled - no GPS data. Crops: strawberry, brocolli, green ice, pechay, lettuce",unknown_phone_camera,field
jan16_0116,23,3,,orphaned-jan16-no-metadata/latrinidad_betag_sf/latrinidad_betag_sf_20260116_110005_7bf740ab.jpg,,,,2026-01-16T12:00:00.000Z,,,,,,,,,,La Trinidad,Betag,Strawberry Farm,"strawberry,brocolli,green_ice,pechay,lettuce",,,"Manually labeled - no GPS data. Crops: strawberry, brocolli, green ice, pechay, lettuce",unknown_phone_camera,field
jan16_0117,23,4,,orphaned-jan16-no-metadata/latrinidad_betag_sf/latrinidad_betag_sf_20260116_110009_63dd8da8.jpg,,,,2026-01-16T12:00:00.000Z,,,,,,,,,,La Trinidad,Betag,Strawberry Farm,"strawberry,brocolli,green_ice,pechay,lettuce",,,"Manually labeled - no GPS data. Crops: strawberry, brocolli, green ice, pechay, lettuce",unknown_phone_camera,field
jan16_0118,23,5,,orphaned-jan16-no-metadata/latrinidad_betag_sf/latrinidad_betag_sf_20260116_110011_ea6fea06.jpg,,,,2026-01-16T12:00:00.000Z,,,,,,,,,,La Trinidad,Betag,Strawberry Farm,"strawberry,brocolli,green_ice,pechay,lettuce",,,"Manually labeled - no GPS data. Crops: strawberry, brocolli, green ice, pechay, lettuce",unknown_phone_camera,field
jan16_0119,23,6,,orphaned-jan16-no-metadata/latrinidad_betag_sf/latrinidad_betag_sf_20260116_110019_7750a918.jpg,,,,2026-01-16T12:00:00.000Z,,,,,,,,,,La Trinidad,Betag,Strawberry Farm,"strawberry,brocolli,green_ice,pechay,lettuce",,,"Manually labeled - no GPS data. Crops: strawberry, brocolli, green ice, pechay, lettuce",unknown_phone_camera,field
jan16_0120,23,7,,orphaned-jan16-no-metadata/latrinidad_betag_sf/latrinidad_betag_sf_20260116_110020_6c1210ec.jpg,,,,2026-01-16T12:00:00.000Z,,,,,,,,,,La Trinidad,Betag,Strawberry Farm,"strawberry,brocolli,green_ice,pechay,lettuce",,,"Manually labeled - no GPS data. Crops: strawberry, brocolli, green ice, pechay, lettuce",unknown_phone_camera,field
jan16_0121,23,8,,orphaned-jan16-no-metadata/latrinidad_betag_sf/latrinidad_betag_sf_20260116_110027_65b505c3.jpg,,,,2026-01-16T12:00:00.000Z,,,,,,,,,,La Trinidad,Betag,Strawberry Farm,"strawberry,brocolli,green_ice,pechay,lettuce",,,"Manually labeled - no GPS data. Crops: strawberry, brocolli, green ice, pechay, lettuce",unknown_phone_camera,field
jan16_0122,23,9,,orphaned-jan16-no-metadata/latrinidad_betag_sf/latrinidad_betag_sf_20260116_110033_fd5c4e5d.jpg,,,,2026-01-16T12:00:00.000Z,,,,,,,,,,La Trinidad,Betag,Strawberry Farm,"strawberry,brocolli,green_ice,pechay,lettuce",,,"Manually labeled - no GPS data. Crops: strawberry, brocolli, green ice, pechay, lettuce",unknown_phone_camera,field
jan16_0123,24,1,,orphaned-jan16-no-metadata/latrinidad_betag_sf/latrinidad_betag_sf_20260116_110252_dbd1b29e.jpg,,,,2026-01-16T12:00:00.000Z,,,,,,,,,,La Trinidad,Betag,Strawberry Farm,"strawberry,brocolli,green_ice,pechay,lettuce",,,"Manually labeled - no GPS data. Crops: strawberry, brocolli, green ice, pechay, lettuce",unknown_phone_camera,field
jan16_0124,24,2,,orphaned-jan16-no-metadata/latrinidad_betag_sf/latrinidad_betag_sf_20260116_110238_6ec6e015.jpg,,,,2026-01-16T12:00:00.000Z,,,,,,,,,,La Trinidad,Betag,Strawberry Farm,"strawberry,brocolli,green_ice,pechay,lettuce",,,"Manually labeled - no GPS data. Crops: strawberry, brocolli, green ice, pechay, lettuce",unknown_phone_camera,field
jan16_0125,24,3,,orphaned-jan16-no-metadata/latrinidad_betag_sf/latrinidad_betag_sf_20260116_110238_fc114cdc.jpg,,,,2026-01-16T12:00:00.000Z,,,,,,,,,,La Trinidad,Betag,Strawberry Farm,"strawberry,brocolli,green_ice,pechay,lettuce",,,"Manually labeled - no GPS data. Crops: strawberry, brocolli, green ice, pechay, lettuce",unknown_phone_camera,field
jan16_0126,24,4,,orphaned-jan16-no-metadata/latrinidad_betag_sf/latrinidad_betag_sf_20260116_110241_b436531d.jpg,,,,2026-01-16T12:00:00.000Z,,,,,,,,,,La Trinidad,Betag,Strawberry Farm,"strawberry,brocolli,green_ice,pechay,lettuce",,,"Manually labeled - no GPS data. Crops: strawberry, brocolli, green ice, pechay, lettuce",unknown_phone_camera,field
jan16_0127,24,5,,orphaned-jan16-no-metadata/latrinidad_betag_sf/latrinidad_betag_sf_20260116_110243_533c2af3.jpg,,,,2026-01-16T12:00:00.000Z,,,,,,,,,,La Trinidad,Betag,Strawberry Farm,"strawberry,brocolli,green_ice,pechay,lettuce",,,"Manually labeled - no GPS data. Crops: strawberry, brocolli, green ice, pechay, lettuce",unknown_phone_camera,field
jan16_0128,24,6,,orphaned-jan16-no-metadata/latrinidad_betag_sf/latrinidad_betag_sf_20260116_110244_188eb3de.jpg,,,,2026-01-16T12:00:00.000Z,,,,,,,,,,La Trinidad,Betag,Strawberry Farm,"strawberry,brocolli,green_ice,pechay,lettuce",,,"Manually labeled - no GPS data. Crops: strawberry, brocolli, green ice, pechay, lettuce",unknown_phone_camera,field
jan16_0129,24,7,,orphaned-jan16-no-metadata/latrinidad_betag_sf/latrinidad_betag_sf_20260116_110248_abc13f49.jpg,,,,2026-01-16T12:00:00.000Z,,,,,,,,,,La Trinidad,Betag,Strawberry Farm,"strawberry,brocolli,green_ice,pechay,lettuce",,,"Manually labeled - no GPS data. Crops: strawberry, brocolli, green ice, pechay, lettuce",unknown_phone_camera,field
jan16_0130,24,8,,orphaned-jan16-no-metadata/latrinidad_betag_sf/latrinidad_betag_sf_20260116_110249_c2784db5.jpg,,,,2026-01-16T12:00:00.000Z,,,,,,,,,,La Trinidad,Betag,Strawberry Farm,"strawberry,brocolli,green_ice,pechay,lettuce",,,"Manually labeled - no GPS data. Crops: strawberry, brocolli, green ice, pechay, lettuce",unknown_phone_camera,field
jan16_0131,24,9,,orphaned-jan16-no-metadata/latrinidad_betag_sf/latrinidad_betag_sf_20260116_110250_c073dc74.jpg,,,,2026-01-16T12:00:00.000Z,,,,,,,,,,La Trinidad,Betag,Strawberry Farm,"strawberry,brocolli,green_ice,pechay,lettuce",,,"Manually labeled - no GPS data. Crops: strawberry, brocolli, green ice, pechay, lettuce",unknown_phone_camera,field
jan16_0132,25,1,,orphaned-jan16-no-metadata/latrinidad_betag_sf/latrinidad_betag_sf_20260116_110402_397bffb7.jpg,,,,2026-01-16T12:00:00.000Z,,,,,,,,,,La Trinidad,Betag,Strawberry Farm,"strawberry,brocolli,green_ice,pechay,lettuce",,,"Manually labeled - no GPS data. Crops: strawberry, brocolli, green ice, pechay, lettuce",unknown_phone_camera,field
jan16_0133,25,2,,orphaned-jan16-no-metadata/latrinidad_betag_sf/latrinidad_betag_sf_20260116_110404_d6f52f4f.jpg,,,,2026-01-16T12:00:00.000Z,,,,,,,,,,La Trinidad,Betag,Strawberry Farm,"strawberry,brocolli,green_ice,pechay,lettuce",,,"Manually labeled - no GPS data. Crops: strawberry, brocolli, green ice, pechay, lettuce",unknown_phone_camera,field
jan16_0134,25,3,,orphaned-jan16-no-metadata/latrinidad_betag_sf/latrinidad_betag_sf_20260116_110406_3019ed0b.jpg,,,,2026-01-16T12:00:00.000Z,,,,,,,,,,La Trinidad,Betag,Strawberry Farm,"strawberry,brocolli,green_ice,pechay,lettuce",,,"Manually labeled - no GPS data. Crops: strawberry, brocolli, green ice, pechay, lettuce",unknown_phone_camera,field
jan16_0135,25,4,,orphaned-jan16-no-metadata/latrinidad_betag_sf/latrinidad_betag_sf_20260116_110408_29a956e6.jpg,,,,2026-01-16T12:00:00.000Z,,,,,,,,,,La Trinidad,Betag,Strawberry Farm,"strawberry,brocolli,green_ice,pechay,lettuce",,,"Manually labeled - no GPS data. Crops: strawberry, brocolli, green ice, pechay, lettuce",unknown_phone_camera,field
jan16_0136,25,5,,orphaned-jan16-no-metadata/latrinidad_betag_sf/latrinidad_betag_sf_20260116_110411_6ec90653.jpg,,,,2026-01-16T12:00:00.000Z,,,,,,,,,,La Trinidad,Betag,Strawberry Farm,"strawberry,brocolli,green_ice,pechay,lettuce",,,"Manually labeled - no GPS data. Crops: strawberry, brocolli, green ice, pechay, lettuce",unknown_phone_camera,field
jan16_0137,25,6,,orphaned-jan16-no-metadata/latrinidad_betag_sf/latrinidad_betag_sf_20260116_110420_6226ef4e.jpg,,,,2026-01-16T12:00:00.000Z,,,,,,,,,,La Trinidad,Betag,Strawberry Farm,"strawberry,brocolli,green_ice,pechay,lettuce",,,"Manually labeled - no GPS data. Crops: strawberry, brocolli, green ice, pechay, lettuce",unknown_phone_camera,field
jan16_0138,25,7,,orphaned-jan16-no-metadata/latrinidad_betag_sf/latrinidad_betag_sf_20260116_110421_4547dceb.jpg,,,,2026-01-16T12:00:00.000Z,,,,,,,,,,La Trinidad,Betag,Strawberry Farm,"strawberry,brocolli,green_ice,pechay,lettuce",,,"Manually labeled - no GPS data. Crops: strawberry, brocolli, green ice, pechay, lettuce",unknown_phone_camera,field
jan16_0139,25,8,,orphaned-jan16-no-metadata/latrinidad_betag_sf/latrinidad_betag_sf_20260116_110423_afce2d8c.jpg,,,,2026-01-16T12:00:00.000Z,,,,,,,,,,La Trinidad,Betag,Strawberry Farm,"strawberry,brocolli,green_ice,pechay,lettuce",,,"Manually labeled - no GPS data. Crops: strawberry, brocolli, green ice, pechay, lettuce",unknown_phone_camera,field
jan16_0140,26,1,,orphaned-jan16-no-metadata/latrinidad_betag_sf/latrinidad_betag_sf_20260116_111105_672235b6.jpg,,,,2026-01-16T12:00:00.000Z,,,,,,,,,,La Trinidad,Betag,Strawberry Farm,"strawberry,brocolli,green_ice,pechay,lettuce",,,"Manually labeled - no GPS data. Crops: strawberry, brocolli, green ice, pechay, lettuce",unknown_phone_camera,field
jan16_0141,26,2,,orphaned-jan16-no-metadata/latrinidad_betag_sf/latrinidad_betag_sf_20260116_111105_29f64af8.jpg,,,,2026-01-16T12:00:00.000Z,,,,,,,,,,La Trinidad,Betag,Strawberry Farm,"strawberry,brocolli,green_ice,pechay,lettuce",,,"Manually labeled - no GPS data. Crops: strawberry, brocolli, green ice, pechay, lettuce",unknown_phone_camera,field
jan16_0142,26,3,,orphaned-jan16-no-metadata/latrinidad_betag_sf/latrinidad_betag_sf_20260116_111044_e9b9e9d8.jpg,,,,2026-01-16T12:00:00.000Z,,,,,,,,,,La Trinidad,Betag,Strawberry Farm,"strawberry,brocolli,green_ice,pechay,lettuce",,,"Manually labeled - no GPS data. Crops: strawberry, brocolli, green ice, pechay, lettuce",unknown_phone_camera,field
jan16_0143,26,4,,orphaned-jan16-no-metadata/latrinidad_betag_sf/latrinidad_betag_sf_20260116_111048_3ad2a286.jpg,,,,2026-01-16T12:00:00.000Z,,,,,,,,,,La Trinidad,Betag,Strawberry Farm,"strawberry,brocolli,green_ice,pechay,lettuce",,,"Manually labeled - no GPS data. Crops: strawberry, brocolli, green ice, pechay, lettuce",unknown_phone_camera,field
jan16_0144,26,5,,orphaned-jan16-no-metadata/latrinidad_betag_sf/latrinidad_betag_sf_20260116_111050_b6658c98.jpg,,,,2026-01-16T12:00:00.000Z,,,,,,,,,,La Trinidad,Betag,Strawberry Farm,"strawberry,brocolli,green_ice,pechay,lettuce",,,"Manually labeled - no GPS data. Crops: strawberry, brocolli, green ice, pechay, lettuce",unknown_phone_camera,field
jan16_0145,26,6,,orphaned-jan16-no-metadata/latrinidad_betag_sf/latrinidad_betag_sf_20260116_111052_11bec51c.jpg,,,,2026-01-16T12:00:00.000Z,,,,,,,,,,La Trinidad,Betag,Strawberry Farm,"strawberry,brocolli,green_ice,pechay,lettuce",,,"Manually labeled - no GPS data. Crops: strawberry, brocolli, green ice, pechay, lettuce",unknown_phone_camera,field
jan16_0146,26,7,,orphaned-jan16-no-metadata/latrinidad_betag_sf/latrinidad_betag_sf_20260116_111054_8c03938e.jpg,,,,2026-01-16T12:00:00.000Z,,,,,,,,,,La Trinidad,Betag,Strawberry Farm,"strawberry,brocolli,green_ice,pechay,lettuce",,,"Manually labeled - no GPS data. Crops: strawberry, brocolli, green ice, pechay, lettuce",unknown_phone_camera,field
jan16_0147,27,1,,orphaned-jan16-no-metadata/latrinidad_betag_sf/latrinidad_betag_sf_20260116_111230_aaf2ed0e.jpg,,,,2026-01-16T12:00:00.000Z,,,,,,,,,,La Trinidad,Betag,Strawberry Farm,"strawberry,brocolli,green_ice,pechay,lettuce",,,"Manually labeled - no GPS data. Crops: strawberry, brocolli, green ice, pechay, lettuce",unknown_phone_camera,field
jan16_0148,27,2,,orphaned-jan16-no-metadata/latrinidad_betag_sf/latrinidad_betag_sf_20260116_111210_0c3d47f4.jpg,,,,2026-01-16T12:00:00.000Z,,,,,,,,,,La Trinidad,Betag,Strawberry Farm,"strawberry,brocolli,green_ice,pechay,lettuce",,,"Manually labeled - no GPS data. Crops: strawberry, brocolli, green ice, pechay, lettuce",unknown_phone_camera,field
jan16_0149,27,3,,orphaned-jan16-no-metadata/latrinidad_betag_sf/latrinidad_betag_sf_20260116_111217_c17c6fdf.jpg,,,,2026-01-16T12:00:00.000Z,,,,,,,,,,La Trinidad,Betag,Strawberry Farm,"strawberry,brocolli,green_ice,pechay,lettuce",,,"Manually labeled - no GPS data. Crops: strawberry, brocolli, green ice, pechay, lettuce",unknown_phone_camera,field
jan16_0150,27,4,,orphaned-jan16-no-metadata/latrinidad_betag_sf/latrinidad_betag_sf_20260116_111218_b58cbb0e.jpg,,,,2026-01-16T12:00:00.000Z,,,,,,,,,,La Trinidad,Betag,Strawberry Farm,"strawberry,brocolli,green_ice,pechay,lettuce",,,"Manually labeled - no GPS data. Crops: strawberry, brocolli, green ice, pechay, lettuce",unknown_phone_camera,field
jan16_0151,27,5,,orphaned-jan16-no-metadata/latrinidad_betag_sf/latrinidad_betag_sf_20260116_111220_efdbc6c4.jpg,,,,2026-01-16T12:00:00.000Z,,,,,,,,,,La Trinidad,Betag,Strawberry Farm,"strawberry,brocolli,green_ice,pechay,lettuce",,,"Manually labeled - no GPS data. Crops: strawberry, brocolli, green ice, pechay, lettuce",unknown_phone_camera,field
jan16_0152,27,6,,orphaned-jan16-no-metadata/latrinidad_betag_sf/latrinidad_betag_sf_20260116_111227_f1b82165.jpg,,,,2026-01-16T12:00:00.000Z,,,,,,,,,,La Trinidad,Betag,Strawberry Farm,"strawberry,brocolli,green_ice,pechay,lettuce",,,"Manually labeled - no GPS data. Crops: strawberry, brocolli, green ice, pechay, lettuce",unknown_phone_camera,field
jan16_0153,28,1,,orphaned-jan16-no-metadata/latrinidad_betag_sf/latrinidad_betag_sf_20260116_111330_e1b52b48.jpg,,,,2026-01-16T12:00:00.000Z,,,,,,,,,,La Trinidad,Betag,Strawberry Farm,"strawberry,brocolli,green_ice,pechay,lettuce",,,"Manually labeled - no GPS data. Crops: strawberry, brocolli, green ice, pechay, lettuce",unknown_phone_camera,field
jan16_0154,28,2,,orphaned-jan16-no-metadata/latrinidad_betag_sf/latrinidad_betag_sf_20260116_111335_19c1553a.jpg,,,,2026-01-16T12:00:00.000Z,,,,,,,,,,La Trinidad,Betag,Strawberry Farm,"strawberry,brocolli,green_ice,pechay,lettuce",,,"Manually labeled - no GPS data. Crops: strawberry, brocolli, green ice, pechay, lettuce",unknown_phone_camera,field
jan16_0155,28,3,,orphaned-jan16-no-metadata/latrinidad_betag_sf/latrinidad_betag_sf_20260116_111336_28cd820d.jpg,,,,2026-01-16T12:00:00.000Z,,,,,,,,,,La Trinidad,Betag,Strawberry Farm,"strawberry,brocolli,green_ice,pechay,lettuce",,,"Manually labeled - no GPS data. Crops: strawberry, brocolli, green ice, pechay, lettuce",unknown_phone_camera,field
jan16_0156,28,4,,orphaned-jan16-no-metadata/latrinidad_betag_sf/latrinidad_betag_sf_20260116_111350_73eee5a4.jpg,,,,2026-01-16T12:00:00.000Z,,,,,,,,,,La Trinidad,Betag,Strawberry Farm,"strawberry,brocolli,green_ice,pechay,lettuce",,,"Manually labeled - no GPS data. Crops: strawberry, brocolli, green ice, pechay, lettuce",unknown_phone_camera,field
jan16_0157,28,5,,orphaned-jan16-no-metadata/latrinidad_betag_sf/latrinidad_betag_sf_20260116_111351_4018b36e.jpg,,,,2026-01-16T12:00:00.000Z,,,,,,,,,,La Trinidad,Betag,Strawberry Farm,"strawberry,brocolli,green_ice,pechay,lettuce",,,"Manually labeled - no GPS data. Crops: strawberry, brocolli, green ice, pechay, lettuce",unknown_phone_camera,field
jan16_0158,28,6,,orphaned-jan16-no-metadata/latrinidad_betag_sf/latrinidad_betag_sf_20260116_111323_a319258b.jpg,,,,2026-01-16T12:00:00.000Z,,,,,,,,,,La Trinidad,Betag,Strawberry Farm,"strawberry,brocolli,green_ice,pechay,lettuce",,,"Manually labeled - no GPS data. Crops: strawberry, brocolli, green ice, pechay, lettuce",unknown_phone_camera,field
jan16_0159,28,7,,orphaned-jan16-no-metadata/latrinidad_betag_sf/latrinidad_betag_sf_20260116_111324_07735ea6.jpg,,,,2026-01-16T12:00:00.000Z,,,,,,,,,,La Trinidad,Betag,Strawberry Farm,"strawberry,brocolli,green_ice,pechay,lettuce",,,"Manually labeled - no GPS data. Crops: strawberry, brocolli, green ice, pechay, lettuce",unknown_phone_camera,field
jan16_0160,28,8,,orphaned-jan16-no-metadata/latrinidad_betag_sf/latrinidad_betag_sf_20260116_111326_4723fa28.jpg,,,,2026-01-16T12:00:00.000Z,,,,,,,,,,La Trinidad,Betag,Strawberry Farm,"strawberry,brocolli,green_ice,pechay,lettuce",,,"Manually labeled - no GPS data. Crops: strawberry, brocolli, green ice, pechay, lettuce",unknown_phone_camera,field
jan16_0161,29,1,,orphaned-jan16-no-metadata/latrinidad_betag_sf/latrinidad_betag_sf_20260116_111441_198ea22d.jpg,,,,2026-01-16T12:00:00.000Z,,,,,,,,,,La Trinidad,Betag,Strawberry Farm,"strawberry,brocolli,green_ice,pechay,lettuce",,,"Manually labeled - no GPS data. Crops: strawberry, brocolli, green ice, pechay, lettuce",unknown_phone_camera,field
jan16_0162,29,2,,orphaned-jan16-no-metadata/latrinidad_betag_sf/latrinidad_betag_sf_20260116_111442_beb39277.jpg,,,,2026-01-16T12:00:00.000Z,,,,,,,,,,La Trinidad,Betag,Strawberry Farm,"strawberry,brocolli,green_ice,pechay,lettuce",,,"Manually labeled - no GPS data. Crops: strawberry, brocolli, green ice, pechay, lettuce",unknown_phone_camera,field
jan16_0163,29,3,,orphaned-jan16-no-metadata/latrinidad_betag_sf/latrinidad_betag_sf_20260116_111424_647ddc4e.jpg,,,,2026-01-16T12:00:00.000Z,,,,,,,,,,La Trinidad,Betag,Strawberry Farm,"strawberry,brocolli,green_ice,pechay,lettuce",,,"Manually labeled - no GPS data. Crops: strawberry, brocolli, green ice, pechay, lettuce",unknown_phone_camera,field
jan16_0164,29,4,,orphaned-jan16-no-metadata/latrinidad_betag_sf/latrinidad_betag_sf_20260116_111425_f2d18670.jpg,,,,2026-01-16T12:00:00.000Z,,,,,,,,,,La Trinidad,Betag,Strawberry Farm,"strawberry,brocolli,green_ice,pechay,lettuce",,,"Manually labeled - no GPS data. Crops: strawberry, brocolli, green ice, pechay, lettuce",unknown_phone_camera,field
jan16_0165,29,5,,orphaned-jan16-no-metadata/latrinidad_betag_sf/latrinidad_betag_sf_20260116_111431_ca55f81e.jpg,,,,2026-01-16T12:00:00.000Z,,,,,,,,,,La Trinidad,Betag,Strawberry Farm,"strawberry,brocolli,green_ice,pechay,lettuce",,,"Manually labeled - no GPS data. Crops: strawberry, brocolli, green ice, pechay, lettuce",unknown_phone_camera,field
jan16_0166,29,6,,orphaned-jan16-no-metadata/latrinidad_betag_sf/latrinidad_betag_sf_20260116_111432_30dd54b6.jpg,,,,2026-01-16T12:00:00.000Z,,,,,,,,,,La Trinidad,Betag,Strawberry Farm,"strawberry,brocolli,green_ice,pechay,lettuce",,,"Manually labeled - no GPS data. Crops: strawberry, brocolli, green ice, pechay, lettuce",unknown_phone_camera,field
jan16_0167,29,7,,orphaned-jan16-no-metadata/latrinidad_betag_sf/latrinidad_betag_sf_20260116_111434_94638be7.jpg,,,,2026-01-16T12:00:00.000Z,,,,,,,,,,La Trinidad,Betag,Strawberry Farm,"strawberry,brocolli,green_ice,pechay,lettuce",,,"Manually labeled - no GPS data. Crops: strawberry, brocolli, green ice, pechay, lettuce",unknown_phone_camera,field
jan16_0168,29,8,,orphaned-jan16-no-metadata/latrinidad_betag_sf/latrinidad_betag_sf_20260116_111440_eeed21d4.jpg,,,,2026-01-16T12:00:00.000Z,,,,,,,,,,La Trinidad,Betag,Strawberry Farm,"strawberry,brocolli,green_ice,pechay,lettuce",,,"Manually labeled - no GPS data. Crops: strawberry, brocolli, green ice, pechay, lettuce",unknown_phone_camera,field
jan16_0169,3,1,,orphaned-jan16-no-metadata/latrinidad_betag_sf/latrinidad_betag_sf_20260116_100858_5525aede.jpg,,,,2026-01-16T12:00:00.000Z,,,,,,,,,,La Trinidad,Betag,Strawberry Farm,"strawberry,brocolli,green_ice,pechay,lettuce",,,"Manually labeled - no GPS data. Crops: strawberry, brocolli, green ice, pechay, lettuce",unknown_phone_camera,field
jan16_0170,3,3,,orphaned-jan16-no-metadata/latrinidad_betag_sf/latrinidad_betag_sf_20260116_100849_aa8c788c.jpg,,,,2026-01-16T12:00:00.000Z,,,,,,,,,,La Trinidad,Betag,Strawberry Farm,"strawberry,brocolli,green_ice,pechay,lettuce",,,"Manually labeled - no GPS data. Crops: strawberry, brocolli, green ice, pechay, lettuce",unknown_phone_camera,field
jan16_0171,3,4,,orphaned-jan16-no-metadata/latrinidad_betag_sf/latrinidad_betag_sf_20260116_100850_4e32e3fd.jpg,,,,2026-01-16T12:00:00.000Z,,,,,,,,,,La Trinidad,Betag,Strawberry Farm,"strawberry,brocolli,green_ice,pechay,lettuce",,,"Manually labeled - no GPS data. Crops: strawberry, brocolli, green ice, pechay, lettuce",unknown_phone_camera,field
jan16_0172,3,5,,orphaned-jan16-no-metadata/latrinidad_betag_sf/latrinidad_betag_sf_20260116_100857_eeb1c29b.jpg,,,,2026-01-16T12:00:00.000Z,,,,,,,,,,La Trinidad,Betag,Strawberry Farm,"strawberry,brocolli,green_ice,pechay,lettuce",,,"Manually labeled - no GPS data. Crops: strawberry, brocolli, green ice, pechay, lettuce",unknown_phone_camera,field
jan16_0173,3,7,,orphaned-jan16-no-metadata/latrinidad_betag_sf/latrinidad_betag_sf_20260116_100848_8ee1a919.jpg,,,,2026-01-16T12:00:00.000Z,,,,,,,,,,La Trinidad,Betag,Strawberry Farm,"strawberry,brocolli,green_ice,pechay,lettuce",,,"Manually labeled - no GPS data. Crops: strawberry, brocolli, green ice, pechay, lettuce",unknown_phone_camera,field
jan16_0174,30,1,,orphaned-jan16-no-metadata/latrinidad_betag_sf/latrinidad_betag_sf_20260116_111655_0f0c53bd.jpg,,,,2026-01-16T12:00:00.000Z,,,,,,,,,,La Trinidad,Betag,Strawberry Farm,"strawberry,brocolli,green_ice,pechay,lettuce",,,"Manually labeled - no GPS data. Crops: strawberry, brocolli, green ice, pechay, lettuce",unknown_phone_camera,field
jan16_0175,30,2,,orphaned-jan16-no-metadata/latrinidad_betag_sf/latrinidad_betag_sf_20260116_111631_d50e4dcf.jpg,,,,2026-01-16T12:00:00.000Z,,,,,,,,,,La Trinidad,Betag,Strawberry Farm,"strawberry,brocolli,green_ice,pechay,lettuce",,,"Manually labeled - no GPS data. Crops: strawberry, brocolli, green ice, pechay, lettuce",unknown_phone_camera,field
jan16_0176,30,3,,orphaned-jan16-no-metadata/latrinidad_betag_sf/latrinidad_betag_sf_20260116_111632_5b996f96.jpg,,,,2026-01-16T12:00:00.000Z,,,,,,,,,,La Trinidad,Betag,Strawberry Farm,"strawberry,brocolli,green_ice,pechay,lettuce",,,"Manually labeled - no GPS data. Crops: strawberry, brocolli, green ice, pechay, lettuce",unknown_phone_camera,field
jan16_0177,30,4,,orphaned-jan16-no-metadata/latrinidad_betag_sf/latrinidad_betag_sf_20260116_111636_0731b0d3.jpg,,,,2026-01-16T12:00:00.000Z,,,,,,,,,,La Trinidad,Betag,Strawberry Farm,"strawberry,brocolli,green_ice,pechay,lettuce",,,"Manually labeled - no GPS data. Crops: strawberry, brocolli, green ice, pechay, lettuce",unknown_phone_camera,field
jan16_0178,30,5,,orphaned-jan16-no-metadata/latrinidad_betag_sf/latrinidad_betag_sf_20260116_111639_a7f27d60.jpg,,,,2026-01-16T12:00:00.000Z,,,,,,,,,,La Trinidad,Betag,Strawberry Farm,"strawberry,brocolli,green_ice,pechay,lettuce",,,"Manually labeled - no GPS data. Crops: strawberry, brocolli, green ice, pechay, lettuce",unknown_phone_camera,field
jan16_0179,30,6,,orphaned-jan16-no-metadata/latrinidad_betag_sf/latrinidad_betag_sf_20260116_111650_d88af232.jpg,,,,2026-01-16T12:00:00.000Z,,,,,,,,,,La Trinidad,Betag,Strawberry Farm,"strawberry,brocolli,green_ice,pechay,lettuce",,,"Manually labeled - no GPS data. Crops: strawberry, brocolli, green ice, pechay, lettuce",unknown_phone_camera,field
jan16_0180,30,7,,orphaned-jan16-no-metadata/latrinidad_betag_sf/latrinidad_betag_sf_20260116_111651_1d9dff49.jpg,,,,2026-01-16T12:00:00.000Z,,,,,,,,,,La Trinidad,Betag,Strawberry Farm,"strawberry,brocolli,green_ice,pechay,lettuce",,,"Manually labeled - no GPS data. Crops: strawberry, brocolli, green ice, pechay, lettuce",unknown_phone_camera,field
jan16_0181,30,8,,orphaned-jan16-no-metadata/latrinidad_betag_sf/latrinidad_betag_sf_20260116_111654_909a3f8f.jpg,,,,2026-01-16T12:00:00.000Z,,,,,,,,,,La Trinidad,Betag,Strawberry Farm,"strawberry,brocolli,green_ice,pechay,lettuce",,,"Manually labeled - no GPS data. Crops: strawberry, brocolli, green ice, pechay, lettuce",unknown_phone_camera,field
jan16_0182,4,1,,orphaned-jan16-no-metadata/latrinidad_betag_sf/latrinidad_betag_sf_20260116_100917_d54466a8.jpg,,,,2026-01-16T12:00:00.000Z,,,,,,,,,,La Trinidad,Betag,Strawberry Farm,"strawberry,brocolli,green_ice,pechay,lettuce",,,"Manually labeled - no GPS data. Crops: strawberry, brocolli, green ice, pechay, lettuce",unknown_phone_camera,field
jan16_0183,4,2,,orphaned-jan16-no-metadata/latrinidad_betag_sf/latrinidad_betag_sf_20260116_100924_0997334c.jpg,,,,2026-01-16T12:00:00.000Z,,,,,,,,,,La Trinidad,Betag,Strawberry Farm,"strawberry,brocolli,green_ice,pechay,lettuce",,,"Manually labeled - no GPS data. Crops: strawberry, brocolli, green ice, pechay, lettuce",unknown_phone_camera,field
jan16_0184,4,3,,orphaned-jan16-no-metadata/latrinidad_betag_sf/latrinidad_betag_sf_20260116_100925_dfb4563c.jpg,,,,2026-01-16T12:00:00.000Z,,,,,,,,,,La Trinidad,Betag,Strawberry Farm,"strawberry,brocolli,green_ice,pechay,lettuce",,,"Manually labeled - no GPS data. Crops: strawberry, brocolli, green ice, pechay, lettuce",unknown_phone_camera,field
jan16_0185,5,1,,orphaned-jan16-no-metadata/latrinidad_betag_sf/latrinidad_betag_sf_20260116_101116_7a3a9176.jpg,,,,2026-01-16T12:00:00.000Z,,,,,,,,,,La Trinidad,Betag,Strawberry Farm,"strawberry,brocolli,green_ice,pechay,lettuce",,,"Manually labeled - no GPS data. Crops: strawberry, brocolli, green ice, pechay, lettuce",unknown_phone_camera,field
jan16_0186,5,2,,orphaned-jan16-no-metadata/latrinidad_betag_sf/latrinidad_betag_sf_20260116_101117_a0e3cc67.jpg,,,,2026-01-16T12:00:00.000Z,,,,,,,,,,La Trinidad,Betag,Strawberry Farm,"strawberry,brocolli,green_ice,pechay,lettuce",,,"Manually labeled - no GPS data. Crops: strawberry, brocolli, green ice, pechay, lettuce",unknown_phone_camera,field
jan16_0187,5,3,,orphaned-jan16-no-metadata/latrinidad_betag_sf/latrinidad_betag_sf_20260116_101118_cca96d10.jpg,,,,2026-01-16T12:00:00.000Z,,,,,,,,,,La Trinidad,Betag,Strawberry Farm,"strawberry,brocolli,green_ice,pechay,lettuce",,,"Manually labeled - no GPS data. Crops: strawberry, brocolli, green ice, pechay, lettuce",unknown_phone_camera,field
jan16_0188,5,4,,orphaned-jan16-no-metadata/latrinidad_betag_sf/latrinidad_betag_sf_20260116_101124_062b0dfe.jpg,,,,2026-01-16T12:00:00.000Z,,,,,,,,,,La Trinidad,Betag,Strawberry Farm,"strawberry,brocolli,green_ice,pechay,lettuce",,,"Manually labeled - no GPS data. Crops: strawberry, brocolli, green ice, pechay, lettuce",unknown_phone_camera,field
jan16_0189,5,5,,orphaned-jan16-no-metadata/latrinidad_betag_sf/latrinidad_betag_sf_20260116_101126_74ed71f6.jpg,,,,2026-01-16T12:00:00.000Z,,,,,,,,,,La Trinidad,Betag,Strawberry Farm,"strawberry,brocolli,green_ice,pechay,lettuce",,,"Manually labeled - no GPS data. Crops: strawberry, brocolli, green ice, pechay, lettuce",unknown_phone_camera,field
jan16_0190,5,6,,orphaned-jan16-no-metadata/latrinidad_betag_sf/latrinidad_betag_sf_20260116_101128_5f01b9db.jpg,,,,2026-01-16T12:00:00.000Z,,,,,,,,,,La Trinidad,Betag,Strawberry Farm,"strawberry,brocolli,green_ice,pechay,lettuce",,,"Manually labeled - no GPS data. Crops: strawberry, brocolli, green ice, pechay, lettuce",unknown_phone_camera,field
jan16_0191,7,1,,orphaned-jan16-no-metadata/latrinidad_betag_sf/latrinidad_betag_sf_20260116_101922_e80f5997.jpg,,,,2026-01-16T12:00:00.000Z,,,,,,,,,,La Trinidad,Betag,Strawberry Farm,"strawberry,brocolli,green_ice,pechay,lettuce",,,"Manually labeled - no GPS data. Crops: strawberry, brocolli, green ice, pechay, lettuce",unknown_phone_camera,field
jan16_0192,7,10,,orphaned-jan16-no-metadata/latrinidad_betag_sf/latrinidad_betag_sf_20260116_101941_5bfc5af5.jpg,,,,2026-01-16T12:00:00.000Z,,,,,,,,,,La Trinidad,Betag,Strawberry Farm,"strawberry,brocolli,green_ice,pechay,lettuce",,,"Manually labeled - no GPS data. Crops: strawberry, brocolli, green ice, pechay, lettuce",unknown_phone_camera,field
jan16_0193,7,11,,orphaned-jan16-no-metadata/latrinidad_betag_sf/latrinidad_betag_sf_20260116_101941_459c89cd.jpg,,,,2026-01-16T12:00:00.000Z,,,,,,,,,,La Trinidad,Betag,Strawberry Farm,"strawberry,brocolli,green_ice,pechay,lettuce",,,"Manually labeled - no GPS data. Crops: strawberry, brocolli, green ice, pechay, lettuce",unknown_phone_camera,field
jan16_0194,7,5,,orphaned-jan16-no-metadata/latrinidad_betag_sf/latrinidad_betag_sf_20260116_101923_96cbaa44.jpg,,,,2026-01-16T12:00:00.000Z,,,,,,,,,,La Trinidad,Betag,Strawberry Farm,"strawberry,brocolli,green_ice,pechay,lettuce",,,"Manually labeled - no GPS data. Crops: strawberry, brocolli, green ice, pechay, lettuce",unknown_phone_camera,field
jan16_0195,7,6,,orphaned-jan16-no-metadata/latrinidad_betag_sf/latrinidad_betag_sf_20260116_101925_ac8ed772.jpg,,,,2026-01-16T12:00:00.000Z,,,,,,,,,,La Trinidad,Betag,Strawberry Farm,"strawberry,brocolli,green_ice,pechay,lettuce",,,"Manually labeled - no GPS data. Crops: strawberry, brocolli, green ice, pechay, lettuce",unknown_phone_camera,field
jan16_0196,7,7,,orphaned-jan16-no-metadata/latrinidad_betag_sf/latrinidad_betag_sf_20260116_101930_08494070.jpg,,,,2026-01-16T12:00:00.000Z,,,,,,,,,,La Trinidad,Betag,Strawberry Farm,"strawberry,brocolli,green_ice,pechay,lettuce",,,"Manually labeled - no GPS data. Crops: strawberry, brocolli, green ice, pechay, lettuce",unknown_phone_camera,field
jan16_0197,7,8,,orphaned-jan16-no-metadata/latrinidad_betag_sf/latrinidad_betag_sf_20260116_101931_db29dd9e.jpg,,,,2026-01-16T12:00:00.000Z,,,,,,,,,,La Trinidad,Betag,Strawberry Farm,"strawberry,brocolli,green_ice,pechay,lettuce",,,"Manually labeled - no GPS data. Crops: strawberry, brocolli, green ice, pechay, lettuce",unknown_phone_camera,field
jan16_0198,7,9,,orphaned-jan16-no-metadata/latrinidad_betag_sf/latrinidad_betag_sf_20260116_101932_2b46bb76.jpg,,,,2026-01-16T12:00:00.000Z,,,,,,,,,,La Trinidad,Betag,Strawberry Farm,"strawberry,brocolli,green_ice,pechay,lettuce",,,"Manually labeled - no GPS data. Crops: strawberry, brocolli, green ice, pechay, lettuce",unknown_phone_camera,field
jan16_0199,8,1,,orphaned-jan16-no-metadata/latrinidad_betag_sf/latrinidad_betag_sf_20260116_102249_229046ce.jpg,,,,2026-01-16T12:00:00.000Z,,,,,,,,,,La Trinidad,Betag,Strawberry Farm,"strawberry,brocolli,green_ice,pechay,lettuce",,,"Manually labeled - no GPS data. Crops: strawberry, brocolli, green ice, pechay, lettuce",unknown_phone_camera,field
jan16_0200,8,2,,orphaned-jan16-no-metadata/latrinidad_betag_sf/latrinidad_betag_sf_20260116_102251_494b9895.jpg,,,,2026-01-16T12:00:00.000Z,,,,,,,,,,La Trinidad,Betag,Strawberry Farm,"strawberry,brocolli,green_ice,pechay,lettuce",,,"Manually labeled - no GPS data. Crops: strawberry, brocolli, green ice, pechay, lettuce",unknown_phone_camera,field
jan16_0201,8,3,,orphaned-jan16-no-metadata/latrinidad_betag_sf/latrinidad_betag_sf_20260116_102300_66086193.jpg,,,,2026-01-16T12:00:00.000Z,,,,,,,,,,La Trinidad,Betag,Strawberry Farm,"strawberry,brocolli,green_ice,pechay,lettuce",,,"Manually labeled - no GPS data. Crops: strawberry, brocolli, green ice, pechay, lettuce",unknown_phone_camera,field
jan16_0202,8,4,,orphaned-jan16-no-metadata/latrinidad_betag_sf/latrinidad_betag_sf_20260116_102301_0f966928.jpg,,,,2026-01-16T12:00:00.000Z,,,,,,,,,,La Trinidad,Betag,Strawberry Farm,"strawberry,brocolli,green_ice,pechay,lettuce",,,"Manually labeled - no GPS data. Crops: strawberry, brocolli, green ice, pechay, lettuce",unknown_phone_camera,field
jan16_0203,8,5,,orphaned-jan16-no-metadata/latrinidad_betag_sf/latrinidad_betag_sf_20260116_102308_7accdfad.jpg,,,,2026-01-16T12:00:00.000Z,,,,,,,,,,La Trinidad,Betag,Strawberry Farm,"strawberry,brocolli,green_ice,pechay,lettuce",,,"Manually labeled - no GPS data. Crops: strawberry, brocolli, green ice, pechay, lettuce",unknown_phone_camera,field
jan16_0204,9,1,,orphaned-jan16-no-metadata/latrinidad_betag_sf/latrinidad_betag_sf_20260116_102457_f937eb75.jpg,,,,2026-01-16T12:00:00.000Z,,,,,,,,,,La Trinidad,Betag,Strawberry Farm,"strawberry,brocolli,green_ice,pechay,lettuce",,,"Manually labeled - no GPS data. Crops: strawberry, brocolli, green ice, pechay, lettuce",unknown_phone_camera,field
jan16_0205,9,2,,orphaned-jan16-no-metadata/latrinidad_betag_sf/latrinidad_betag_sf_20260116_102442_8dc7f893.jpg,,,,2026-01-16T12:00:00.000Z,,,,,,,,,,La Trinidad,Betag,Strawberry Farm,"strawberry,brocolli,green_ice,pechay,lettuce",,,"Manually labeled - no GPS data. Crops: strawberry, brocolli, green ice, pechay, lettuce",unknown_phone_camera,field
jan16_0206,9,3,,orphaned-jan16-no-metadata/latrinidad_betag_sf/latrinidad_betag_sf_20260116_102446_a723cb3e.jpg,,,,2026-01-16T12:00:00.000Z,,,,,,,,,,La Trinidad,Betag,Strawberry Farm,"strawberry,brocolli,green_ice,pechay,lettuce",,,"Manually labeled - no GPS data. Crops: strawberry, brocolli, green ice, pechay, lettuce",unknown_phone_camera,field
jan16_0207,9,4,,orphaned-jan16-no-metadata/latrinidad_betag_sf/latrinidad_betag_sf_20260116_102454_bdef1735.jpg,,,,2026-01-16T12:00:00.000Z,,,,,,,,,,La Trinidad,Betag,Strawberry Farm,"strawberry,brocolli,green_ice,pechay,lettuce",,,"Manually labeled - no GPS data. Crops: strawberry, brocolli, green ice, pechay, lettuce",unknown_phone_camera,field
jan16_0208,9,5,,orphaned-jan16-no-metadata/latrinidad_betag_sf/latrinidad_betag_sf_20260116_102455_50402088.jpg,,,,2026-01-16T12:00:00.000Z,,,,,,,,,,La Trinidad,Betag,Strawberry Farm,"strawberry,brocolli,green_ice,pechay,lettuce",,,"Manually labeled - no GPS data. Crops: strawberry, brocolli, green ice, pechay, lettuce",unknown_phone_camera,field
